{"train_loss": [1.133358093747886, 0.9251576337090628, 0.8715845164579414, 0.8395476297907323, 0.8063963132992679, 0.7808196287600216, 0.7425597507382499, 0.7013284144799965, 0.6849266797036232, 0.6597181392812905, 0.6353379648744208, 0.610343246580368, 0.5709899408848181, 0.5495036015319547, 0.5242895394768556, 0.4985021409110251, 0.47765436709431475, 0.4659300343518154, 0.4526148325138657, 0.43007097519749, 0.4158475210960109, 0.40149083999116103, 0.39407425096021137, 0.38196062856900004, 0.36837644187515844, 0.3611992689146055, 0.3590905427487517, 0.3483549485417474, 0.3343646783620072, 0.3267912271396626, 0.3162323154552408, 0.31225702073572803, 0.2987335600197268, 0.2936617603150232, 0.2879429129004037, 0.27825906950663254, 0.27077394317281994, 0.26842096678386645, 0.2621502131066078, 0.2523762410913413, 0.2532175305082267, 0.25117177821672165, 0.24508849039992947, 0.23778990776702125, 0.2342052555355893, 0.22661657182727302, 0.2283378757116799, 0.22489212665929484, 0.21885263283122852, 0.21433573414185952, 0.21168283543227873, 0.2031111103526377, 0.2033259294688749, 0.19853627307898017, 0.19419175344467604, 0.19484213212458687, 0.1896752806903429, 0.1882265637909953, 0.18100084262884786, 0.1806749388521871, 0.1798546403658289, 0.1733801254454955, 0.17319165047485674, 0.1746011000712186, 0.1659189259187953, 0.16418410523679838, 0.16252636627625577, 0.15977515475967302, 0.16100501320014562, 0.15587538085906952, 0.16045892751115237, 0.1568230679277173, 0.15155938245803768, 0.15105925680544238, 0.14899000271207724, 0.14983675106232056, 0.15104519822713558, 0.1463828312392169, 0.13725330389194912, 0.14537563192642305, 0.14106981834257096, 0.14019024427174942, 0.1386635683655211, 0.13354930666117476, 0.1354410054208563, 0.1337943451134264, 0.13246007421679917, 0.1319193906794213, 0.12583828176468284, 0.12804654246198122, 0.12951771677389512, 0.1260763376880328, 0.12331507809856382, 0.12514320476729737, 0.12473736346131319, 0.1222420770105857, 0.1254605681509297, 0.12062979030623192, 0.11876530056897013, 0.11840967529130501, 0.11846951759497412, 0.11718120333402923, 0.11604033928828207, 0.11584825868228778, 0.12062738589330951, 0.11660797609016638, 0.11037856779948502, 0.11230937713046846, 0.1143267147016718, 0.1094712747556676, 0.11271633937329917, 0.11120782776917396, 0.11112117238583104, 0.11059613712768383, 0.11149096505907041], "val_loss": [0.8214265228492286, 0.7582481347868595, 0.7502770949467062, 0.8114142616100499, 0.7735337402139392, 0.7840271929801979, 0.6747027628233867, 0.6522675551510797, 0.6321360421151363, 0.7460820194829274, 0.6690492075799134, 0.636897118661204, 0.6849007445749978, 0.6271194984466572, 0.533900561958111, 0.4955173685706308, 0.497051162122212, 0.4607963649730377, 0.4992214741524804, 0.4120677078665771, 0.48140515254929733, 0.4118060040209681, 0.41551738566365737, 0.40462726875772614, 0.4474375200976292, 0.4047679171112958, 0.3856395477144589, 0.38590375879054584, 0.41050155640676106, 0.3803595580857963, 0.3491059972221041, 0.3943414180883633, 0.3418260465738515, 0.31575245272570057, 0.27625696289495294, 0.3144425461665163, 0.2645101002394566, 0.3225313053636128, 0.26159994517053875, 0.28658418851019124, 0.22910396145482367, 0.25913754136764944, 0.23051404955755608, 0.21428608623668186, 0.2084930637814655, 0.22030153508146702, 0.20765850069964753, 0.20644442660027537, 0.19356258490164144, 0.17931830891284156, 0.1556246164277783, 0.13139591041236676, 0.19156097084412288, 0.22840420131943204, 0.18829800203681138, 0.14956589567066708, 0.11433064539370866, 0.16196071312492116, 0.12813169527982404, 0.1609311650869588, 0.14587541639327709, 0.10527926176015673, 0.11152741039089234, 0.15794766145606934, 0.11540988466147278, 0.1277844801435036, 0.12405894579264919, 0.07898506409032133, 0.09391018915852632, 0.08705743521295965, 0.08099640311966902, 0.11524497799511099, 0.13764556170225584, 0.1417573767856424, 0.09004801846788324, 0.08340135656453192, 0.09588321102003158, 0.10487826198931288, 0.08877525250702693, 0.08138060639153596, 0.0699501630541607, 0.06801701285429024, 0.07178105911689586, 0.07667815566390955, 0.08074986566261852, 0.07402031309099803, 0.08328651937827, 0.08637802851308375, 0.050916405248150616, 0.06790811350635652, 0.07130589411224655, 0.07005044999601219, 0.05950586924448683, 0.059393910591644256, 0.05634041755687299, 0.057658658895109384, 0.052459008325340936, 0.05129254559970236, 0.05728315790596744, 0.0440299185271403, 0.06196045420554654, 0.07551845392496714, 0.04759454876003819, 0.0675504209205343, 0.05378249660822485, 0.03459752086659531, 0.03839658419091227, 0.053701085457693, 0.06458211049960531, 0.051843327933491154, 0.03468515891140198, 0.052078002591828446, 0.04179915649818688, 0.035627419349801695, 0.07663560175024928], "val_f1score": [0.4027012586593628, 0.5569465160369873, 0.5747491717338562, 0.5744576454162598, 0.5991219282150269, 0.6395149230957031, 0.6996748447418213, 0.6893967390060425, 0.730204701423645, 0.7030156850814819, 0.7311573624610901, 0.7473032474517822, 0.729417085647583, 0.7572240233421326, 0.760028064250946, 0.7625235915184021, 0.7611962556838989, 0.7833689451217651, 0.7984527349472046, 0.8067564964294434, 0.7910102605819702, 0.801879346370697, 0.8279324173927307, 0.8318434953689575, 0.8269767761230469, 0.8343507051467896, 0.8502339124679565, 0.8347175121307373, 0.8191757202148438, 0.8439795970916748, 0.8449916839599609, 0.8354991674423218, 0.8516707420349121, 0.8692877292633057, 0.8761258721351624, 0.8602831363677979, 0.8786179423332214, 0.8621630668640137, 0.8856039047241211, 0.8690887093544006, 0.8977999687194824, 0.8851206302642822, 0.9009535312652588, 0.9017412662506104, 0.9055212140083313, 0.9012155532836914, 0.9056738018989563, 0.9086986780166626, 0.9079058766365051, 0.9155625104904175, 0.927720308303833, 0.9285061955451965, 0.912034273147583, 0.8988720178604126, 0.9092243909835815, 0.9302480816841125, 0.9460771083831787, 0.9214750528335571, 0.9386714696884155, 0.9250563979148865, 0.9277825355529785, 0.9525564312934875, 0.9490302205085754, 0.922205924987793, 0.9464719295501709, 0.9414491653442383, 0.945353627204895, 0.9660425186157227, 0.9617503881454468, 0.9600400924682617, 0.9691281914710999, 0.9409133791923523, 0.9319705963134766, 0.9307255744934082, 0.9637560844421387, 0.9660961031913757, 0.9555251598358154, 0.951170802116394, 0.9654008150100708, 0.9618850946426392, 0.9726580381393433, 0.9698057174682617, 0.9691193103790283, 0.9629641771316528, 0.9649146199226379, 0.9597354531288147, 0.9589781761169434, 0.96501225233078, 0.9698361158370972, 0.9735468626022339, 0.9718956351280212, 0.9719452261924744, 0.9777657985687256, 0.9755545258522034, 0.9797918200492859, 0.9782863855361938, 0.9812248349189758, 0.9804610013961792, 0.9820619225502014, 0.9832842350006104, 0.9772902727127075, 0.9736659526824951, 0.9819772243499756, 0.9725362658500671, 0.9831241369247437, 0.9892148971557617, 0.9881706237792969, 0.9823356866836548, 0.9774653911590576, 0.9849734306335449, 0.989381730556488, 0.9791902303695679, 0.9813961982727051, 0.9901211261749268, 0.9714481234550476],