{"train_loss": [0.0179322386034013, 0.0186097658214475, 0.0157941901355937, 0.01758989312637203, 0.015158693485593858, 0.01307610611492117, 0.014773585178959532, 0.014247161447467897, 0.011994873033667114, 0.012050269033795583, 0.01163986394276607], "val_loss": [0.007867048087721656, 0.011995684278400883, 0.0075491843398571975, 0.016519669701404432, 0.019434289308444062, 0.02523902238493383, 0.009452190888618095, 0.01569269780737432, 0.027134946312498825, 0.007583925013836036, 0.01659925972192635], "val_f1score": [0.9966484308242798, 0.9954376220703125, 0.9972790479660034, 0.9899726510047913, 0.9854710698127747, 0.9915335178375244, 0.9956857562065125, 0.9920625686645508, 0.9876956343650818, 0.9963493347167969, 0.9920340776443481], "val_accuracy": [0.997069239616394, 0.9958352446556091, 0.9976862668991089, 0.9939842820167542, 0.9930587410926819, 0.9915934205055237, 0.9966065287590027, 0.9943698644638062, 0.9902051687240601, 0.9969149827957153, 0.9938300251960754]}