{"train_loss": [0.05501855456863497, 0.04970812555772202, 0.04922577539749263, 0.048343528522849136, 0.04625876053757716], "val_loss": [0.06075608717814418, 0.13614480631069562, 0.08578335842934295, 0.07571121428983076, 0.25465141973295363], "val_f1score": [0.9709309339523315, 0.9382016658782959, 0.9450525045394897, 0.9611166715621948, 0.8748005628585815], "val_accuracy": [0.9774795770645142, 0.9515656232833862, 0.9654480814933777, 0.9719265699386597, 0.9130032658576965]}