{"train_loss": [0.6575703118124505, 0.3391415023617742, 0.24308289696242305, 0.19524316849518963, 0.1644742743837111, 0.14094653274233063, 0.12260973606788564, 0.1110095146111159, 0.10328269957900658, 0.09232697193523143, 0.08635254096956889, 0.07787127810094377, 0.07605699727813837, 0.069731199592363, 0.06625852708178777, 0.05982820498345517, 0.05950522533560537, 0.05825004766311726, 0.0536561858420459], "val_loss": [0.4429285493243504, 0.4826049928007455, 0.2552911827404951, 0.4440359854199029, 0.5869518715172566, 0.2083897544208712, 0.18801944763422598, 0.1803950441340581, 0.1171135586512096, 0.11559602569930916, 0.09628635609615364, 0.09746635829676585, 0.08744509423007096, 0.0715091200267295, 0.1294434703123788, 0.0909663573474614, 0.1285830447071787, 0.05819069767850245], "val_f1score": [0.7413421869277954, 0.7561676502227783, 0.8601307272911072, 0.8282705545425415, 0.7679672837257385, 0.9031718969345093, 0.9077444076538086, 0.9117579460144043, 0.9439008235931396, 0.9364807605743408, 0.9455937147140503, 0.953640878200531, 0.9586238861083984, 0.9643617868423462, 0.9360783100128174, 0.9649035334587097, 0.9410165548324585, 0.9718140363693237], "val_accuracy": [0.8104272484779358, 0.7940768003463745, 0.8945704102516174, 0.8264692425727844, 0.7420175671577454, 0.9149313569068909, 0.9234150648117065, 0.9263458251953125, 0.9562702178955078, 0.9538793563842773, 0.9607434868812561, 0.9629800915718079, 0.9651395678520203, 0.9719265699386597, 0.9499459862709045, 0.9660651087760925, 0.9493290185928345, 0.97678542137146]}